Model,MAE,RMSE,MAPE
Hour-Day Average,0.8899600934542058,1.1337825348761612,51.46003623076769
Naive (Last Value),0.8993399339933993,1.2645196325048098,50.75789721829326
Hourly Average,0.9073209604597197,1.1534338847647985,52.61480342695219
Moving Average (window=48),1.0083883388338835,1.2627733640807852,63.08378270862802
Moving Average (window=24),1.0503300330033003,1.2774825375179757,67.82450789721828
Seasonal Naive (period=48),1.301980198019802,1.5204871548680745,96.26885902876002
