Model,MAE,RMSE,MAPE,R²
Hour-Day Average,0.8899600934542058,1.1337825348761612,51.46003622673112,0.18559078369588888
Naive Forecast,1.1515456781107811,1.6368790410498903,62.092423117768924,-0.6975255910121756
Hourly Average,0.9073209604597197,1.1534338847647985,52.61480342280546,0.1571145333270777
LightGBM (Time),0.9675848138402272,1.2078746730073873,61.81896426105627,0.0756703073804047
LightGBM (Demo),0.973461076758548,1.2104344396282505,61.21845057677896,0.07174841801463638
